"","ID","Description","setSize","enrichmentScore","NES","pvalue","p.adjust","qvalue","rank","leading_edge","core_enrichment"
"FLECHNER_BIOPSY_KIDNEY_TRANSPLANT_REJECTED_VS_OK_DN","FLECHNER_BIOPSY_KIDNEY_TRANSPLANT_REJECTED_VS_OK_DN","FLECHNER_BIOPSY_KIDNEY_TRANSPLANT_REJECTED_VS_OK_DN",116,-0.748218788832555,-2.77234559079189,1e-10,9.49333333333333e-08,8.10526315789474e-08,206,"tags=51%, list=13%, signal=48%","ACADM/NDRG1/PEX19/HSPD1/LRP2/CYP3A5/IDH1/ERBB4/COMT/SLC37A4/AIFM1/COL4A4/SDHB/MME/RBP4/FYN/ANK2/PCBD1/PHYH/KL/ALDH2/SLC4A4/NR3C2/PODXL/PTH1R/GPX3/SALL1/SLC22A6/FAH/PCK2/SLC34A1/CRYAA/VEGFA/ABCC2/KDR/HTRA1/GATM/MAOA/PC/ALDOB/EHHADH/HSD11B2/CDKN1C/SLC26A4/EPHX2/IGFBP2/DDC/CA2/ASPA/SLC7A7/KNG1/SORD/APOM/FABP1/SLC12A3/PLG/PCK1/APOH/ALB"
"BAELDE_DIABETIC_NEPHROPATHY_DN","BAELDE_DIABETIC_NEPHROPATHY_DN","BAELDE_DIABETIC_NEPHROPATHY_DN",84,-0.756089955803107,-2.66790827982591,1e-10,9.49333333333333e-08,8.10526315789474e-08,221,"tags=55%, list=14%, signal=50%","GNE/MYLK/ACADM/NDRG1/TIMP1/PRKACB/MYH9/ERBB4/VIM/SLC2A3/PSMB9/APOL1/MYO1E/COL4A3/COL4A4/ITGA3/MME/FYN/PLA2R1/GALC/RARRES2/PODXL/PTH1R/ADM/PTPRO/GHR/WT1/VEGFA/HTRA1/CDKN1C/BMP7/NAMPT/CR1/GJA1/IGFBP2/F3/FOXC1/CHI3L1/WT1-AS/MAGI2/PTGDS/LOX/NPHS1/TNNT2/PCK1/LPL"
"RODWELL_AGING_KIDNEY_NO_BLOOD_UP","RODWELL_AGING_KIDNEY_NO_BLOOD_UP","RODWELL_AGING_KIDNEY_NO_BLOOD_UP",32,0.821725581578781,2.52682113346323,1e-10,9.49333333333333e-08,8.10526315789474e-08,175,"tags=72%, list=11%, signal=65%","C3/COL1A2/FN1/LTF/MMP7/HGF/PROM1/FBN1/GFRA1/COL1A1/COL3A1/MSR1/CFB/CCL2/DKK3/ITPR3/VEGFC/TPM1/PXDN/VCAM1/TNFRSF11B/COL5A1/SERPINH1"
"RODWELL_AGING_KIDNEY_UP","RODWELL_AGING_KIDNEY_UP","RODWELL_AGING_KIDNEY_UP",69,0.646918553622693,2.32147555526159,4.22651674278876e-09,3.0092799208656e-06,2.56927728311633e-06,283,"tags=55%, list=18%, signal=47%","COL1A2/FN1/LTF/TGFBI/MMP7/HGF/PROM1/FBN1/GFRA1/COL1A1/COL3A1/IL10RA/MSR1/CFB/CSF1R/CCL2/DKK3/ITPR3/VEGFC/HLA-DQB1/TPM1/ITGB2/CASP1/PXDN/VCAM1/CX3CR1/TNFRSF11B/COL5A1/PTPN22/PTPRC/ALOX5/FAS/PIK3CG/CCR1/RUNX2/IKBKB/CD14/AMBP"
"NABA_CORE_MATRISOME","NABA_CORE_MATRISOME","NABA_CORE_MATRISOME",48,0.652279846932805,2.18022370616797,8.2453357966924e-07,0.000469654326979599,0.00040098369874441,177,"tags=50%, list=12%, signal=46%","COL1A2/FN1/THBS2/TGFBI/FBLN5/FBN1/COL1A1/VWF/LAMC2/COL3A1/IGFBP3/COL5A2/TNXB/SLIT3/LAMA2/FGB/HSPG2/COL11A1/ELN/PXDN/COL9A2/COL4A1/COL5A1/COL4A2"
"REACTOME_EXTRACELLULAR_MATRIX_ORGANIZATION","REACTOME_EXTRACELLULAR_MATRIX_ORGANIZATION","REACTOME_EXTRACELLULAR_MATRIX_ORGANIZATION",94,0.525713438711954,1.98856017359762,2.73830299804066e-06,0.0012997811564033,0.00110973332025858,229,"tags=46%, list=15%, signal=41%","COL1A2/FN1/MMP7/MMP2/FBLN5/FBN1/COL1A1/VWF/CTSK/LAMC2/COL3A1/COL5A2/CD44/TNXB/TGFB3/TGFB2/LAMA2/FGB/CASP3/HSPG2/COL11A1/MMP3/ELN/MMP14/ITGA2/ITGB2/PDGFB/ITGA4/ITGAM/PXDN/VCAM1/COL9A2/ADAM10/COL4A1/COL5A1/SERPINH1/COL4A2/SERPINE1/NCAM1/FBN2/ITGB4/COL11A2/MMP1"
"TURASHVILI_BREAST_DUCTAL_CARCINOMA_VS_DUCTAL_NORMAL_UP","TURASHVILI_BREAST_DUCTAL_CARCINOMA_VS_DUCTAL_NORMAL_UP","TURASHVILI_BREAST_DUCTAL_CARCINOMA_VS_DUCTAL_NORMAL_UP",12,0.872004250694687,2.07184913018651,4.05236494109108e-06,0.00144264191902842,0.00123170565972637,93,"tags=75%, list=6%, signal=71%","COL1A2/FN1/TLR7/FBN1/COL1A1/COL3A1/COL5A2/CD44/COL11A1"
"NABA_MATRISOME","NABA_MATRISOME","NABA_MATRISOME",199,0.418926378167817,1.75723532993318,3.74714025932116e-06,0.00144264191902842,0.00123170565972637,179,"tags=28%, list=12%, signal=28%","COL1A2/FN1/SERPINA3/THBS2/SERPINF1/TGFBI/MMP7/SFRP4/MMP2/FBLN5/HGF/FBN1/CCL11/REG1A/FGF7/COL1A1/VWF/CTSK/LAMC2/COL3A1/ANGPT2/IGFBP3/COL5A2/TNXB/TGFB3/SLIT3/CCL2/IL18/TGFB2/LAMA2/FGB/MUC1/PLAU/GREM1/HSPG2/COL11A1/MMP3/VEGFC/IL7/ELN/S100B/TNF/MMP14/IL5/F10/PDGFB/PXDN/COL9A2/ADAM10/COL4A1/KITLG/COL5A1/SERPINH1/COL4A2/SERPINE1"
"KEGG_ECM_RECEPTOR_INTERACTION","KEGG_ECM_RECEPTOR_INTERACTION","KEGG_ECM_RECEPTOR_INTERACTION",33,0.690274609141996,2.14999376796722,6.25044790475515e-06,0.00197791951474919,0.00168871750409174,225,"tags=64%, list=15%, signal=55%","COL1A2/FN1/THBS2/COL1A1/VWF/LAMC2/COL3A1/COL5A2/CD44/TNXB/CD36/LAMA2/HSPG2/COL11A1/ITGA2/ITGA4/COL4A1/COL5A1/COL4A2/ITGB4/COL11A2"
"MEBARKI_HCC_PROGENITOR_WNT_UP","MEBARKI_HCC_PROGENITOR_WNT_UP","MEBARKI_HCC_PROGENITOR_WNT_UP",27,0.720716781468753,2.12250750972895,8.53030258427642e-06,0.00202452514666827,0.00172850868155075,62,"tags=44%, list=4%, signal=43%","COL1A2/FN1/THBS2/TGFBI/MMP7/MMP2/FBN1/COL1A1/COL3A1/COL5A2/CSF1R/TGFB2"
"LINDGREN_BLADDER_CANCER_CLUSTER_2B","LINDGREN_BLADDER_CANCER_CLUSTER_2B","LINDGREN_BLADDER_CANCER_CLUSTER_2B",70,0.551351238044056,1.98237115528424,8.39477886882204e-06,0.00202452514666827,0.00172850868155075,162,"tags=39%, list=11%, signal=36%","COL1A2/SERPINA3/THBS2/SERPINF1/MMP2/IL7R/FCGR2B/IL10RA/COL5A2/CCL2/AOC3/ACTA2/DKK3/PDGFRA/CYBB/HLA-DQB1/TPM1/ELN/CAV1/THBD/SELE/ZAP70/ITGA4/PXDN/VCAM1/EDNRA/TTN"
"DELYS_THYROID_CANCER_UP","DELYS_THYROID_CANCER_UP","DELYS_THYROID_CANCER_UP",91,0.522103722036693,1.97671241416976,8.20307383244949e-06,0.00202452514666827,0.00172850868155075,298,"tags=52%, list=19%, signal=44%","C3/FN1/THBS2/MMP7/KRT19/APOC1/COL1A1/LAMC2/COL3A1/IGFBP3/IL10RA/COL5A2/MSR1/CD44/CFB/CSF1R/C2/PDE5A/HP/MUC1/PLAU/DSP/ITPR3/CDH2/COL11A1/SH2D1A/UCP2/S100B/MET/ITGA2/TLR2/PXDN/TREM2/CX3CR1/KCNN4/ALOX5/FAS/PROS1/MMP1/CCR1/LGALS3/CHIT1/ECE1/LIF/SFTPB/FCGR2A/SPP1"
"NABA_ECM_GLYCOPROTEINS","NABA_ECM_GLYCOPROTEINS","NABA_ECM_GLYCOPROTEINS",29,0.700158829928841,2.0903013966482,1.59068519490332e-05,0.00329435348906024,0.00281266874620385,106,"tags=45%, list=7%, signal=43%","FN1/THBS2/TGFBI/FBLN5/FBN1/VWF/LAMC2/IGFBP3/TNXB/SLIT3/LAMA2/FGB/ELN"
"WP_CCL18_SIGNALING_PATHWAY","WP_CCL18_SIGNALING_PATHWAY","WP_CCL18_SIGNALING_PATHWAY",22,0.73610224575341,2.04930488328073,1.61941533872343e-05,0.00329435348906024,0.00281266874620385,230,"tags=50%, list=15%, signal=43%","COL1A2/FN1/MMP2/CD44/NEFL/ACTA2/CDH2/VEGFC/VCAM1/HIF1A/PTEN"
"ANASTASSIOU_MULTICANCER_INVASIVENESS_SIGNATURE","ANASTASSIOU_MULTICANCER_INVASIVENESS_SIGNATURE","ANASTASSIOU_MULTICANCER_INVASIVENESS_SIGNATURE",23,0.741521725941544,2.09431420282209,2.63157742519757e-05,0.00392284654500735,0.00334926652829945,93,"tags=65%, list=6%, signal=62%","COL1A2/FN1/THBS2/SERPINF1/SFRP4/MMP2/FBN1/COL1A1/CTSK/COL3A1/COL5A2/ACTA2/PLAU/GREM1/COL11A1"
"RODWELL_AGING_KIDNEY_DN","RODWELL_AGING_KIDNEY_DN","RODWELL_AGING_KIDNEY_DN",18,-0.811581269347468,-2.08533833290453,2.88090402549475e-05,0.00392284654500735,0.00334926652829945,145,"tags=44%, list=9%, signal=41%","SLC4A1/TRPM6/PHYH/GHR/BMP7/KNG1/EGF/LPL"
"DAZARD_RESPONSE_TO_UV_NHEK_UP","DAZARD_RESPONSE_TO_UV_NHEK_UP","DAZARD_RESPONSE_TO_UV_NHEK_UP",40,-0.674169714541331,-2.06816301435798,2.72135235208449e-05,0.00392284654500735,0.00334926652829945,86,"tags=28%, list=6%, signal=27%","ADM/APOE/PCK2/CDKN1C/JUN/NR4A2/KNG1/FOXC1/S100A9/PTGS2/FOS"
"REACTOME_COLLAGEN_DEGRADATION","REACTOME_COLLAGEN_DEGRADATION","REACTOME_COLLAGEN_DEGRADATION",30,0.686215642638341,2.06376268516817,2.82413790748665e-05,0.00392284654500735,0.00334926652829945,229,"tags=57%, list=15%, signal=49%","COL1A2/MMP7/MMP2/COL1A1/CTSK/COL3A1/COL5A2/COL11A1/MMP3/MMP14/COL9A2/ADAM10/COL4A1/COL5A1/COL4A2/COL11A2/MMP1"
"TURASHVILI_BREAST_DUCTAL_CARCINOMA_VS_LOBULAR_NORMAL_UP","TURASHVILI_BREAST_DUCTAL_CARCINOMA_VS_LOBULAR_NORMAL_UP","TURASHVILI_BREAST_DUCTAL_CARCINOMA_VS_LOBULAR_NORMAL_UP",12,0.842380023153745,2.00146308560674,2.81638472312661e-05,0.00392284654500735,0.00334926652829945,93,"tags=67%, list=6%, signal=63%","COL1A2/FN1/SFRP4/FBN1/COL1A1/COL3A1/COL5A2/COL11A1"
"HOSHIDA_LIVER_CANCER_SUBCLASS_S3","HOSHIDA_LIVER_CANCER_SUBCLASS_S3","HOSHIDA_LIVER_CANCER_SUBCLASS_S3",79,-0.557798337131945,-1.95202408420751,2.89254836534952e-05,0.00392284654500735,0.00334926652829945,324,"tags=58%, list=21%, signal=48%","HSD17B10/LPIN1/SOD1/EPAS1/SERPINC1/FH/CYP27A1/NDUFV2/IDH2/CSTB/ARSA/AGXT/CAT/EPHX1/MAOB/ABCC6/MYLK/TPMT/ACADM/INSR/NFKBIA/FLT4/PKLR/MYO1E/SDHB/MME/F11/RARRES2/ALDH2/GPX3/GHR/ALPL/FAH/PCK2/CRYAA/F5/MAOA/ALDOB/EHHADH/CA2/KNG1/IGF1/SLC2A2/PLG/PCK1/APOH"
"CUI_TCF21_TARGETS_2_DN","CUI_TCF21_TARGETS_2_DN","CUI_TCF21_TARGETS_2_DN",111,-0.519616594925823,-1.91319085006214,2.32592140918029e-05,0.00392284654500735,0.00334926652829945,218,"tags=35%, list=14%, signal=32%","CXCR4/PON2/LMX1B/LZTFL1/BMPR1A/SLC12A1/PRKG1/TLR3/NFKBIA/VIM/SLC2A3/SLC17A5/MYO1E/FLT1/COL4A3/TGFBR2/COL4A4/AGTR1/MME/BACE1/FYN/INF2/NPHS2/GALC/COL4A5/ADM/PTPRO/MAPT/VEGFA/ITGA8/HTRA1/PLAT/CDKN1C/KNG1/FOXC1/MAFB/MAGI2/UMOD/EGF"
"REACTOME_DEGRADATION_OF_THE_EXTRACELLULAR_MATRIX","REACTOME_DEGRADATION_OF_THE_EXTRACELLULAR_MATRIX","REACTOME_DEGRADATION_OF_THE_EXTRACELLULAR_MATRIX",52,0.577226638956912,1.98532623146677,3.06878907063572e-05,0.00397268694235024,0.00339181949912369,229,"tags=48%, list=15%, signal=42%","COL1A2/FN1/MMP7/MMP2/FBN1/COL1A1/CTSK/LAMC2/COL3A1/COL5A2/CD44/CASP3/HSPG2/COL11A1/MMP3/ELN/MMP14/COL9A2/ADAM10/COL4A1/COL5A1/COL4A2/FBN2/COL11A2/MMP1"
"GOTZMANN_EPITHELIAL_TO_MESENCHYMAL_TRANSITION_UP","GOTZMANN_EPITHELIAL_TO_MESENCHYMAL_TRANSITION_UP","GOTZMANN_EPITHELIAL_TO_MESENCHYMAL_TRANSITION_UP",29,0.688231747546376,2.05469348042076,3.5931691401272e-05,0.00444928074394881,0.00379872801542052,223,"tags=59%, list=15%, signal=51%","FN1/CLU/EDN1/COL1A1/COL3A1/COL5A2/TGFB3/CCL2/MKI67/ACTA2/CDH2/COL4A1/COL4A2/SERPINE1/NCAM1/ABCB1/PROS1"
"CHEN_HOXA5_TARGETS_9HR_UP","CHEN_HOXA5_TARGETS_9HR_UP","CHEN_HOXA5_TARGETS_9HR_UP",16,-0.826836985491854,-2.06940657952245,4.01363303633601e-05,0.00457233075499399,0.00390378623744682,71,"tags=44%, list=5%, signal=42%","NFKBIA/VEGFA/JUN/F3/PLG/PTGS2/FOS"
"ROZANOV_MMP14_TARGETS_SUBSET","ROZANOV_MMP14_TARGETS_SUBSET","ROZANOV_MMP14_TARGETS_SUBSET",11,0.845202463329535,1.97078275118148,3.94477957836768e-05,0.00457233075499399,0.00390378623744682,189,"tags=73%, list=12%, signal=64%","FN1/PTGS1/COL4A1/TNFRSF11B/COL5A1/SERPINH1/COL4A2/HIF1A"
"WP_INFLAMMATORY_RESPONSE_PATHWAY","WP_INFLAMMATORY_RESPONSE_PATHWAY","WP_INFLAMMATORY_RESPONSE_PATHWAY",23,0.730230356349576,2.06242346398265,4.52181539648109e-05,0.00495312701891467,0.0042289042776807,232,"tags=61%, list=15%, signal=52%","COL1A2/FN1/COL1A1/LAMC2/COL3A1/CD86/CD40LG/CD28/IL5/ZAP70/IL2RB/CD80/IL2RA/TNFRSF1B"
"STEIN_ESRRA_TARGETS_UP","STEIN_ESRRA_TARGETS_UP","STEIN_ESRRA_TARGETS_UP",44,-0.651440490037248,-2.05044501923361,4.86704982507503e-05,0.00513383625993099,0.0043831910705354,316,"tags=57%, list=21%, signal=46%","EPAS1/CLEC16A/NDUFS1/FH/COX5A/IFT27/CPT1A/ETFDH/SLC25A4/PFKM/GSTM1/DDIT3/SDHD/ACADM/NDUFV1/AIFM1/SDHB/GK/VEGFA/CYP27B1/EHHADH/CKB/FOXC1/GDF15/MAFB"
"ONDER_CDH1_SIGNALING_VIA_CTNNB1","ONDER_CDH1_SIGNALING_VIA_CTNNB1","ONDER_CDH1_SIGNALING_VIA_CTNNB1",23,0.726548862436726,2.05202564997458,5.78350898781879e-05,0.00535612531171117,0.00457297807142697,105,"tags=43%, list=7%, signal=41%","C3/COL1A2/FBLN5/FBN1/IGFBP3/SOX9/ACTA2/ADRB2/GREM1/TPM1"
"STEIN_ESRRA_TARGETS","STEIN_ESRRA_TARGETS","STEIN_ESRRA_TARGETS",61,-0.6039903214762,-2.02335563863458,5.99078316339312e-05,0.00535612531171117,0.00457297807142697,316,"tags=49%, list=21%, signal=41%","EPAS1/CLEC16A/NDUFS1/FH/COX5A/IFT27/CPT1A/ETFDH/SLC25A4/PFKM/GSTM1/DDIT3/SDHD/ACADM/NDUFV1/SLC37A4/TGFBR2/AIFM1/SDHB/GK/VEGFA/CYP27B1/EHHADH/CKB/BMP7/HSPB8/CA2/FOXC1/GDF15/MAFB"
"CROMER_TUMORIGENESIS_UP","CROMER_TUMORIGENESIS_UP","CROMER_TUMORIGENESIS_UP",21,0.727629947200653,2.00051386052168,5.68449634570377e-05,0.00535612531171117,0.00457297807142697,180,"tags=57%, list=12%, signal=51%","COL1A2/FN1/LAMC2/COL3A1/COL5A2/PLAU/COL11A1/MMP3/PXDN/COL4A2/SERPINE1/UCHL1"
"SCHUETZ_BREAST_CANCER_DUCTAL_INVASIVE_UP","SCHUETZ_BREAST_CANCER_DUCTAL_INVASIVE_UP","SCHUETZ_BREAST_CANCER_DUCTAL_INVASIVE_UP",85,0.512709545607849,1.90473385518606,6.01811832776536e-05,0.00535612531171117,0.00457297807142697,234,"tags=48%, list=15%, signal=43%","COL1A2/FN1/THBS2/SERPINF1/TGFBI/MMP2/CD163/TLR7/FBN1/COL1A1/CTSK/COL3A1/IGFBP3/COL5A2/MSR1/IL18/PLAU/GREM1/PDGFRA/COL11A1/MMP3/HLA-DQB1/CASP1/OLR1/EDNRA/COL4A1/BICC1/MEF2C/COL5A1/SERPINH1/COL4A2/PKD2/PTPRC/ALOX5/FAS/FBN2/PROS1/MMP1/PTEN/CCR1/CFH"
"PUJANA_ATM_PCC_NETWORK","PUJANA_ATM_PCC_NETWORK","PUJANA_ATM_PCC_NETWORK",180,0.397531860385178,1.64778113633179,5.46750537416246e-05,0.00535612531171117,0.00457297807142697,362,"tags=33%, list=24%, signal=29%","CCL11/FCGR2B/CCR2/LAMC2/IL10RA/CD36/EZH2/MKI67/FLT3/SYK/DKK3/CASP3/SH2D1A/IL7/BTK/UCP2/CIITA/TNF/LBR/ITGA4/ICOS/HNF1B/TP53/ADAM10/CHEK2/GNB3/CD79A/CASP8/PKD2/ESR2/PTPRC/PMM2/ALOX5/FAS/NCF4/PIK3CG/FASLG/PTEN/FANCI/ATM/FOXM1/CD19/LIF/IKBKB/TGFBR1/BLM/IRF4/ETS1/FCGR2A/OFD1/ITGA2B/EWSR1/LMNB1/IFNG/LDHA/IRF5/POLE/TGFB1/ETV6/CD40"
"WP_MIRNA_TARGETS_IN_ECM_AND_MEMBRANE_RECEPTORS","WP_MIRNA_TARGETS_IN_ECM_AND_MEMBRANE_RECEPTORS","WP_MIRNA_TARGETS_IN_ECM_AND_MEMBRANE_RECEPTORS",11,0.837808026798712,1.95354093208852,6.24833085079133e-05,0.00539249886759203,0.00460403325847782,177,"tags=82%, list=12%, signal=73%","COL1A2/FN1/THBS2/COL3A1/COL5A2/TNXB/COL4A1/COL5A1/COL4A2"
"REACTOME_MET_ACTIVATES_PTK2_SIGNALING","REACTOME_MET_ACTIVATES_PTK2_SIGNALING","REACTOME_MET_ACTIVATES_PTK2_SIGNALING",19,0.741868909393364,1.99772078078225,6.56184973829408e-05,0.00549651413372399,0.00469283990571496,124,"tags=58%, list=8%, signal=54%","COL1A2/FN1/HGF/COL1A1/LAMC2/COL3A1/COL5A2/LAMA2/COL11A1/MET/ITGA2"
"PASINI_SUZ12_TARGETS_DN","PASINI_SUZ12_TARGETS_DN","PASINI_SUZ12_TARGETS_DN",63,0.540276184166444,1.90556551256602,8.88796333003016e-05,0.00723226273255026,0.00617479557665253,211,"tags=40%, list=14%, signal=36%","COL1A2/FN1/PROM1/KRT19/COL1A1/CPE/COL3A1/IGFBP3/NEFL/JAG1/TGFB2/ACTA2/DSP/CDH2/COL11A1/TPM1/CAV1/MMP14/PDGFB/PXDN/COL5A1/SERPINH1/MEG3/PMP22/CDKN2B"
"REACTOME_MET_PROMOTES_CELL_MOTILITY","REACTOME_MET_PROMOTES_CELL_MOTILITY","REACTOME_MET_PROMOTES_CELL_MOTILITY",20,0.733226614337768,2.00049859318626,0.000102598129338215,0.00789728303662801,0.00674257976589692,124,"tags=55%, list=8%, signal=51%","COL1A2/FN1/HGF/COL1A1/LAMC2/COL3A1/COL5A2/LAMA2/COL11A1/MET/ITGA2"
"REACTOME_SIGNALING_BY_MET","REACTOME_SIGNALING_BY_MET","REACTOME_SIGNALING_BY_MET",34,0.637986820656739,1.9919990719635,0.000101376977884969,0.00789728303662801,0.00674257976589692,124,"tags=32%, list=8%, signal=30%","COL1A2/FN1/HGF/COL1A1/LAMC2/COL3A1/COL5A2/LAMA2/COL11A1/MET/ITGA2"
"FLORIO_NEOCORTEX_BASAL_RADIAL_GLIA_DN","FLORIO_NEOCORTEX_BASAL_RADIAL_GLIA_DN","FLORIO_NEOCORTEX_BASAL_RADIAL_GLIA_DN",23,0.71447355658663,2.01792080360185,0.000114027321615023,0.00811874529898961,0.00693166086659742,324,"tags=74%, list=21%, signal=59%","COL1A2/FN1/EDNRB/MKI67/CDKN3/BIRC5/VCAM1/CHEK2/SERPINE1/GRIN2A/FANCI/BRCA2/FOXM1/BLM/BRIP1/LDLR/LMNB1"
"PID_LYMPH_ANGIOGENESIS_PATHWAY","PID_LYMPH_ANGIOGENESIS_PATHWAY","PID_LYMPH_ANGIOGENESIS_PATHWAY",17,0.748278033103787,1.95106275756852,0.000110064232840329,0.00811874529898961,0.00693166086659742,141,"tags=35%, list=9%, signal=32%","COL1A2/FN1/COL1A1/VEGFC/ITGA2/ITGA4"
"TURASHVILI_BREAST_LOBULAR_CARCINOMA_VS_LOBULAR_NORMAL_DN","TURASHVILI_BREAST_LOBULAR_CARCINOMA_VS_LOBULAR_NORMAL_DN","TURASHVILI_BREAST_LOBULAR_CARCINOMA_VS_LOBULAR_NORMAL_DN",17,0.747420456947293,1.94882671050219,0.000113360495172829,0.00811874529898961,0.00693166086659742,177,"tags=76%, list=12%, signal=68%","COL1A2/FN1/THBS2/SFRP4/MMP2/FBN1/COL1A1/COL3A1/COL5A2/COL11A1/COL4A1/COL5A1/COL4A2"
"PID_INTEGRIN1_PATHWAY","PID_INTEGRIN1_PATHWAY","PID_INTEGRIN1_PATHWAY",38,0.612995194724953,1.95204797477657,0.000120651315401787,0.00831574690833622,0.0070998578349559,173,"tags=47%, list=11%, signal=43%","COL1A2/FN1/THBS2/TGFBI/FBN1/COL1A1/LAMC2/COL3A1/COL5A2/LAMA2/FGB/PLAU/COL11A1/ITGA2/ITGA4/VCAM1/COL4A1/COL5A1"
"LIU_VAV3_PROSTATE_CARCINOGENESIS_UP","LIU_VAV3_PROSTATE_CARCINOGENESIS_UP","LIU_VAV3_PROSTATE_CARCINOGENESIS_UP",44,0.587257614595879,1.92820284636078,0.000122633908058329,0.00831574690833622,0.0070998578349559,134,"tags=39%, list=9%, signal=36%","C3/FN1/SERPINA3/LTF/MMP7/CCL11/CTSK/PLA2G7/HDAC9/CD36/EDNRB/KRT7/TAC1/CYBB/ITGB2/TLR2/CASP1"
"KUROZUMI_RESPONSE_TO_ONCOCYTIC_VIRUS","KUROZUMI_RESPONSE_TO_ONCOCYTIC_VIRUS","KUROZUMI_RESPONSE_TO_ONCOCYTIC_VIRUS",25,0.690572112652212,2.0085093884507,0.000151369569500123,0.00956053063620949,0.00816263518984474,333,"tags=72%, list=22%, signal=57%","C3/IL10RA/CCL2/IL18/CCR5/CD40LG/CXCR3/TNF/CASP1/ITGAM/IL2RB/CCR1/TNFRSF1B/CXCL10/SPP1/CCR6/IFNG/CCL5"
"RODWELL_AGING_KIDNEY_NO_BLOOD_DN","RODWELL_AGING_KIDNEY_NO_BLOOD_DN","RODWELL_AGING_KIDNEY_NO_BLOOD_DN",18,-0.776925929841777,-1.99629228090639,0.000157856836764414,0.00956053063620949,0.00816263518984474,150,"tags=44%, list=10%, signal=41%","TCTN3/PHYH/DHTKD1/GHR/BMP7/KNG1/EGF/LPL"
"WP_PRIMARY_FOCAL_SEGMENTAL_GLOMERULOSCLEROSIS_FSGS","WP_PRIMARY_FOCAL_SEGMENTAL_GLOMERULOSCLEROSIS_FSGS","WP_PRIMARY_FOCAL_SEGMENTAL_GLOMERULOSCLEROSIS_FSGS",46,-0.623283836776352,-1.98663070813643,0.000154074915543458,0.00956053063620949,0.00816263518984474,180,"tags=50%, list=12%, signal=45%","LMX1B/MYH9/DKK1/ACTN4/VIM/LAMB2/MYO1E/TRPC6/COL4A3/COL4A4/ITGA3/MME/FYN/INF2/NPHS2/PODXL/COL4A5/PTPRO/WT1/CDKN1B/CDKN1C/CR1/NPHS1"
"REACTOME_PLATELET_AGGREGATION_PLUG_FORMATION","REACTOME_PLATELET_AGGREGATION_PLUG_FORMATION","REACTOME_PLATELET_AGGREGATION_PLUG_FORMATION",16,0.765986517861526,1.95934346928408,0.000151369569500123,0.00956053063620949,0.00816263518984474,79,"tags=38%, list=5%, signal=36%","COL1A2/FN1/COL1A1/VWF/FGB/SYK"
"REACTOME_INTEGRIN_CELL_SURFACE_INTERACTIONS","REACTOME_INTEGRIN_CELL_SURFACE_INTERACTIONS","REACTOME_INTEGRIN_CELL_SURFACE_INTERACTIONS",37,0.613159094388477,1.93400189524148,0.000157366652932232,0.00956053063620949,0.00816263518984474,177,"tags=51%, list=12%, signal=47%","COL1A2/FN1/FBN1/COL1A1/VWF/COL3A1/COL5A2/CD44/FGB/HSPG2/ITGA2/ITGB2/ITGA4/ITGAM/VCAM1/COL9A2/COL4A1/COL5A1/COL4A2"
"BUYTAERT_PHOTODYNAMIC_THERAPY_STRESS_DN","BUYTAERT_PHOTODYNAMIC_THERAPY_STRESS_DN","BUYTAERT_PHOTODYNAMIC_THERAPY_STRESS_DN",75,0.502441027272979,1.84425832571936,0.000161132538812519,0.00956053063620949,0.00816263518984474,179,"tags=27%, list=12%, signal=25%","FN1/TGFBI/FBN1/EDN1/CCL2/SOX9/JAG1/TGFB2/MKI67/ADRB2/PLAU/CDKN3/UCP2/PDGFB/HNF1B/BIRC5/ADAM10/COL4A1/COL4A2/SERPINE1"
"REACTOME_ESTROGEN_DEPENDENT_NUCLEAR_EVENTS_DOWNSTREAM_OF_ESR_MEMBRANE_SIGNALING","REACTOME_ESTROGEN_DEPENDENT_NUCLEAR_EVENTS_DOWNSTREAM_OF_ESR_MEMBRANE_SIGNALING","REACTOME_ESTROGEN_DEPENDENT_NUCLEAR_EVENTS_DOWNSTREAM_OF_ESR_MEMBRANE_SIGNALING",13,-0.836199596349541,-1.98200961848955,0.000170200730933193,0.00959666150866193,0.00819348317748709,63,"tags=23%, list=4%, signal=22%","CDKN1B/EGF/FOS"
"CAIRO_HEPATOBLASTOMA_DN","CAIRO_HEPATOBLASTOMA_DN","CAIRO_HEPATOBLASTOMA_DN",55,-0.590272200428715,-1.95526815756941,0.000169277378093871,0.00959666150866193,0.00819348317748709,136,"tags=35%, list=9%, signal=33%","SLC37A4/CPT2/SDHB/PPARGC1A/F11/DHTKD1/ANGPTL4/PTH1R/ADM/GHR/ALPL/PCK2/ALDOB/NAMPT/CA2/CETP/IGF1/PLG/PCK1"
"BOQUEST_STEM_CELL_UP","BOQUEST_STEM_CELL_UP","BOQUEST_STEM_CELL_UP",74,0.494245860127216,1.7977231271917,0.000175219943276131,0.00959666150866193,0.00819348317748709,178,"tags=42%, list=12%, signal=39%","C3/COL1A2/SERPINA3/THBS2/SERPINF1/SFRP4/MMP2/FBLN5/FBN1/FGF7/COL1A1/CTSK/COL3A1/ADH1C/IGFBP3/COL5A2/CD44/CFB/SETBP1/SLIT3/SOX9/TGFB2/LAMA2/PDGFRA/MITF/F10/LRP1/PLA2G2A/BICC1/COL5A1/MEG3"
"REACTOME_TRANSPORT_OF_SMALL_MOLECULES","REACTOME_TRANSPORT_OF_SMALL_MOLECULES","REACTOME_TRANSPORT_OF_SMALL_MOLECULES",137,-0.467608875254669,-1.77776679333583,0.000174665733367966,0.00959666150866193,0.00819348317748709,156,"tags=20%, list=10%, signal=20%","SLC5A2/CLCNKB/SLC2A3/SLC17A5/PSMB9/APOC3/SLC4A1/TRPC6/PSMB8/TRPM6/SLC4A4/ANGPTL4/SLC22A6/APOE/SLC34A1/ABCC2/MTTP/SLC26A4/PLTP/CUBN/CA2/CETP/SLC7A7/HBB/SLC2A2/SLC12A3/LPL/ALB"
"DESERT_PERIPORTAL_HEPATOCELLULAR_CARCINOMA_SUBCLASS_UP","DESERT_PERIPORTAL_HEPATOCELLULAR_CARCINOMA_SUBCLASS_UP","DESERT_PERIPORTAL_HEPATOCELLULAR_CARCINOMA_SUBCLASS_UP",33,-0.671321696763101,-1.95831882660016,0.000200669462020373,0.01053849522746,0.00899760643680979,136,"tags=36%, list=9%, signal=34%","SLC37A4/ALDH2/GHR/FAH/PCK2/ALDOB/EHHADH/EPHX2/ASPA/IGF1/PLG/PCK1"
"REACTOME_SYNDECAN_INTERACTIONS","REACTOME_SYNDECAN_INTERACTIONS","REACTOME_SYNDECAN_INTERACTIONS",14,0.780612242041343,1.94003909809401,0.000200340204892467,0.01053849522746,0.00899760643680979,249,"tags=64%, list=16%, signal=54%","COL1A2/FN1/COL1A1/COL3A1/COL5A2/ITGA2/COL5A1/ITGB4/FGF2"
"GRUETZMANN_PANCREATIC_CANCER_UP","GRUETZMANN_PANCREATIC_CANCER_UP","GRUETZMANN_PANCREATIC_CANCER_UP",77,0.494254138164198,1.81246676601488,0.00020351728845165,0.01053849522746,0.00899760643680979,200,"tags=34%, list=13%, signal=31%","FN1/THBS2/MMP2/FBN1/APOC1/COL1A1/CTSK/COL5A2/C2/MKI67/CD86/PLAU/ITPR3/CAV1/ITGA2/ITGB2/PTGS1/CASP1/PXDN/ADAM10/SERPINH1/SERPINE1/ABCG1/PMP22/PTPRC/ALOX5"
"FARMER_BREAST_CANCER_CLUSTER_4","FARMER_BREAST_CANCER_CLUSTER_4","FARMER_BREAST_CANCER_CLUSTER_4",10,0.830163552974687,1.88084024725484,0.000215843177459811,0.0107845854281674,0.00920771449551549,43,"tags=70%, list=3%, signal=68%","COL1A2/THBS2/SERPINF1/FBN1/CTSK/COL3A1/COL5A2"
"BRUINS_UVC_RESPONSE_LATE","BRUINS_UVC_RESPONSE_LATE","BRUINS_UVC_RESPONSE_LATE",140,0.409948423016068,1.64832306240929,0.000214206232127454,0.0107845854281674,0.00920771449551549,263,"tags=30%, list=17%, signal=27%","COL1A2/FN1/THBS2/TGFBI/FBLN5/COL1A1/ANGPT2/COL5A2/SLIT3/EZH2/ACTA2/ADRB2/DKK3/GREM1/COL11A1/ENPP1/MMP3/VEGFC/TPM1/CAV1/CACNA1C/PXDN/COL4A1/CHEK2/TTN/BICC1/COL5A1/PTPN22/COL4A2/MEG3/CASP8/ABCG1/ALOX5/ABCB1/MYH11/ITGB4/COL11A2/PTEN/AHR/TCF4/PTX3/RAD51"
"REACTOME_IMMUNOREGULATORY_INTERACTIONS_BETWEEN_A_LYMPHOID_AND_A_NON_LYMPHOID_CELL","REACTOME_IMMUNOREGULATORY_INTERACTIONS_BETWEEN_A_LYMPHOID_AND_A_NON_LYMPHOID_CELL","REACTOME_IMMUNOREGULATORY_INTERACTIONS_BETWEEN_A_LYMPHOID_AND_A_NON_LYMPHOID_CELL",27,0.655518178722944,1.93049793327674,0.000221606246193495,0.0108816308475702,0.00929057039395597,157,"tags=41%, list=10%, signal=37%","C3/COL1A2/FCGR2B/COL1A1/COL3A1/CD40LG/SH2D1A/ITGB2/ITGA4/VCAM1/TREM2"
"PID_S1P_S1P2_PATHWAY","PID_S1P_S1P2_PATHWAY","PID_S1P_S1P2_PATHWAY",10,-0.871680605429078,-1.97884493393723,0.00023374948363325,0.0111034569463597,0.00947996213264743,43,"tags=20%, list=3%, signal=20%","JUN/FOS"
"ONDER_CDH1_TARGETS_2_UP","ONDER_CDH1_TARGETS_2_UP","ONDER_CDH1_TARGETS_2_UP",43,0.582344537333529,1.88740876954849,0.000233921143532859,0.0111034569463597,0.00947996213264743,217,"tags=51%, list=14%, signal=45%","COL1A2/FN1/SERPINF1/MMP2/FBLN5/FBN1/COL1A1/COL3A1/IGFBP3/COL5A2/ACTA2/GREM1/CDH2/ENPP1/TPM1/MITF/BICC1/COL5A1/SERPINE1/PMP22/FAT4/ENO2"
"REACTOME_PLASMA_LIPOPROTEIN_REMODELING","REACTOME_PLASMA_LIPOPROTEIN_REMODELING","REACTOME_PLASMA_LIPOPROTEIN_REMODELING",18,-0.768683095186207,-1.97511251773507,0.000243166734006445,0.0113530960401697,0.00969310018213783,146,"tags=44%, list=10%, signal=41%","APOC3/ANGPTL4/APOE/MTTP/PLTP/CETP/LPL/ALB"
"ALONSO_METASTASIS_EMT_UP","ALONSO_METASTASIS_EMT_UP","ALONSO_METASTASIS_EMT_UP",11,0.806573735275098,1.88071104144004,0.000299070343233789,0.0136048757978204,0.0116156353832662,160,"tags=55%, list=10%, signal=49%","SERPINA3/MMP2/EDNRB/L1CAM/CDH2/CX3CR1"
"DODD_NASOPHARYNGEAL_CARCINOMA_DN","DODD_NASOPHARYNGEAL_CARCINOMA_DN","DODD_NASOPHARYNGEAL_CARCINOMA_DN",141,0.407700659599522,1.64751487684891,0.000300950553111898,0.0136048757978204,0.0116156353832662,278,"tags=31%, list=18%, signal=28%","COL1A2/FN1/THBS2/CD163/FBN1/APOC1/COL1A1/COL3A1/ANGPT2/COL5A2/MSR1/PLA2G7/CCL2/EZH2/MKI67/ACTA2/PLAU/GREM1/CDKN3/MMP3/CAV1/EPHB4/BIRC5/COL4A1/CHEK2/KITLG/COL5A1/COL4A2/SERPINE1/CD80/PMP22/NUP160/FAS/FASLG/MMP1/PTEN/CCR1/FANCI/FGF2/BRCA2/RAD51/CXCL10/FOXM1/CD14"
"REACTOME_NON_INTEGRIN_MEMBRANE_ECM_INTERACTIONS","REACTOME_NON_INTEGRIN_MEMBRANE_ECM_INTERACTIONS","REACTOME_NON_INTEGRIN_MEMBRANE_ECM_INTERACTIONS",30,0.636735773558784,1.91495420408956,0.000317272712315476,0.0141186356980387,0.0120542757475123,249,"tags=57%, list=16%, signal=48%","COL1A2/FN1/COL1A1/LAMC2/COL3A1/COL5A2/LAMA2/HSPG2/COL11A1/ITGA2/PDGFB/COL4A1/COL5A1/COL4A2/ITGB4/COL11A2/FGF2"
"VERRECCHIA_RESPONSE_TO_TGFB1_C2","VERRECCHIA_RESPONSE_TO_TGFB1_C2","VERRECCHIA_RESPONSE_TO_TGFB1_C2",12,0.796361493803806,1.89212479977823,0.000322693322400428,0.0141389320337911,0.0120716044493116,146,"tags=58%, list=10%, signal=53%","COL1A2/FN1/COL3A1/MMP3/MMP14/ITGB2/LRP1"
"BIOCARTA_IL6_PATHWAY","BIOCARTA_IL6_PATHWAY","BIOCARTA_IL6_PATHWAY",16,-0.787196798360986,-1.97019516844446,0.000330493150202171,0.014261280178421,0.012176063428501,43,"tags=19%, list=3%, signal=18%","HRAS/JUN/FOS"
"NAKAYAMA_SOFT_TISSUE_TUMORS_PCA2_UP","NAKAYAMA_SOFT_TISSUE_TUMORS_PCA2_UP","NAKAYAMA_SOFT_TISSUE_TUMORS_PCA2_UP",12,0.795216998475656,1.88940552215058,0.000348337463760565,0.0147968376574102,0.0126333142329308,315,"tags=92%, list=21%, signal=73%","MKI67/GREM1/COL11A1/CDKN3/BIRC5/NCAM1/FBN2/ENO2/TRPS1/COL2A1/HMGA2"
"HOSHIDA_LIVER_CANCER_SUBCLASS_S1","HOSHIDA_LIVER_CANCER_SUBCLASS_S1","HOSHIDA_LIVER_CANCER_SUBCLASS_S1",51,0.543818195335561,1.85460630721157,0.000357699218230159,0.0147968376574102,0.0126333142329308,250,"tags=39%, list=16%, signal=34%","COL1A2/LTF/IL7R/FBN1/COL3A1/COL5A2/ACTA2/ITPR3/CYBB/COL11A1/HLA-DQB1/ITGB2/COL4A1/COL4A2/PKD2/HIF1A/IL2RB/PTPRC/TNFRSF1B/TCF4"
"KOINUMA_TARGETS_OF_SMAD2_OR_SMAD3","KOINUMA_TARGETS_OF_SMAD2_OR_SMAD3","KOINUMA_TARGETS_OF_SMAD2_OR_SMAD3",97,0.445771008438338,1.70297406035849,0.000358490799986414,0.0147968376574102,0.0126333142329308,135,"tags=23%, list=9%, signal=22%","TGFBI/CLU/KRT19/EDN1/LAMC2/IGFBP3/CD44/SETBP1/CCL2/IL18/KRT7/SYK/DKK3/PLAU/DSP/CAV1/THBD/MITF/MET/ITGA2/CASP1/OLR1"
"RIGGI_EWING_SARCOMA_PROGENITOR_UP","RIGGI_EWING_SARCOMA_PROGENITOR_UP","RIGGI_EWING_SARCOMA_PROGENITOR_UP",73,-0.521712945521922,-1.79964409367273,0.000365098775539306,0.0148543044676563,0.0126823785187338,100,"tags=22%, list=7%, signal=22%","RARRES2/NR3C2/PODXL/GPX3/MAPT/WT1/HSPB8/IGFBP2/SORD/GDF15/IGF1/MAFB/PTGDS/PTGS2/LPL/FOS"
"WP_NEPHROTIC_SYNDROME","WP_NEPHROTIC_SYNDROME","WP_NEPHROTIC_SYNDROME",30,-0.678011816244387,-1.95729605270539,0.000392292489510605,0.0150979595963,0.012890407550064,207,"tags=60%, list=14%, signal=53%","LMX1B/MYH9/ACTN4/LAMB2/APOL1/MYO1E/TRPC6/COL4A3/COL4A4/ITGA3/INF2/NPHS2/PODXL/COL4A5/PTPRO/WT1/CUBN/NPHS1"
"PID_TELOMERASE_PATHWAY","PID_TELOMERASE_PATHWAY","PID_TELOMERASE_PATHWAY",30,-0.677820755238916,-1.95674449454243,0.000392292489510605,0.0150979595963,0.012890407550064,76,"tags=17%, list=5%, signal=16%","WT1/CDKN1B/JUN/EGF/FOS"
"POOLA_INVASIVE_BREAST_CANCER_UP","POOLA_INVASIVE_BREAST_CANCER_UP","POOLA_INVASIVE_BREAST_CANCER_UP",58,0.524901849526415,1.823207700117,0.000387670032114541,0.0150979595963,0.012890407550064,297,"tags=60%, list=19%, signal=51%","FN1/CD163/CCL11/APOC1/CD27/COL5A2/PLA2G7/IL18/CD86/GREM1/COL11A1/CXCR3/CDKN3/MMP3/BTK/UTS2/ITGB2/ITGA4/BIRC5/VCAM1/COL5A1/CD79A/SERPINE1/PTPRC/STAT4/MMP1/CCR1/FANCI/RET/PRKCB/CHIT1/CXCL10/CD19/BLM/FCGR2A"
"SMID_BREAST_CANCER_NORMAL_LIKE_UP","SMID_BREAST_CANCER_NORMAL_LIKE_UP","SMID_BREAST_CANCER_NORMAL_LIKE_UP",110,0.442365791738772,1.71679608072245,0.000376451386755699,0.0150979595963,0.012890407550064,234,"tags=43%, list=15%, signal=39%","C3/IL7R/FBLN5/IL33/HGF/CLU/CCR2/CD27/CPE/ANGPT2/SLIT3/CCL2/AOC3/LAMA2/CD40LG/ACTA2/PDGFRA/SNCAIP/SH2D1A/HLA-DQB1/IL7/BTK/CAV1/S100B/THBD/MET/CIITA/PRKCQ/SELE/CASP1/ZAP70/F10/ITGA4/ICOS/BCL11A/VCAM1/PLA2G2A/MEF2C/CD79A/PTPN22/PTPRC/ABCB1/MYH11/PROS1/NCF4/TNFRSF1B/CFH"
"BIOCARTA_IGF1_PATHWAY","BIOCARTA_IGF1_PATHWAY","BIOCARTA_IGF1_PATHWAY",17,-0.75997827231147,-1.93073359162756,0.000406102750435625,0.0154210751098755,0.0131662786457024,43,"tags=18%, list=3%, signal=17%","JUN/IGF1/FOS"
"VANHARANTA_UTERINE_FIBROID_UP","VANHARANTA_UTERINE_FIBROID_UP","VANHARANTA_UTERINE_FIBROID_UP",12,0.788134093179773,1.87257680696395,0.000450998446755267,0.0169005733731447,0.0144294516898153,285,"tags=83%, list=19%, signal=68%","FN1/COL1A1/COL3A1/COL5A2/COL9A2/EDNRA/COL4A1/COL4A2/PRKCB/TRPS1"
"RUIZ_TNC_TARGETS_DN","RUIZ_TNC_TARGETS_DN","RUIZ_TNC_TARGETS_DN",20,0.700951685718444,1.91244130225383,0.000485552653879835,0.0177288969006381,0.0151366616796548,282,"tags=60%, list=18%, signal=50%","IL7R/CD44/PLAU/TPM1/CAV1/MET/OLR1/BIRC5/DIO2/FANCI/FOXM1/BLM"
"WP_PROXIMAL_TUBULE_TRANSPORT","WP_PROXIMAL_TUBULE_TRANSPORT","WP_PROXIMAL_TUBULE_TRANSPORT",19,-0.733888169184706,-1.90783829682744,0.000485369395279983,0.0177288969006381,0.0151366616796548,156,"tags=42%, list=10%, signal=38%","SLC5A2/SLC4A4/SLC22A6/SLC34A1/ABCC2/CA2/SLC7A7/SLC2A2"
"REACTOME_TRANSPORT_OF_INORGANIC_CATIONS_ANIONS_AND_AMINO_ACIDS_OLIGOPEPTIDES","REACTOME_TRANSPORT_OF_INORGANIC_CATIONS_ANIONS_AND_AMINO_ACIDS_OLIGOPEPTIDES","REACTOME_TRANSPORT_OF_INORGANIC_CATIONS_ANIONS_AND_AMINO_ACIDS_OLIGOPEPTIDES",13,-0.816062336570754,-1.9342790972769,0.000516846068163151,0.0180922433161513,0.015446881305555,230,"tags=69%, list=15%, signal=59%","SLC9A3/SLC12A1/SLC17A5/SLC4A1/SLC4A4/SLC34A1/SLC26A4/SLC7A7/SLC12A3"
"DEBOSSCHER_NFKB_TARGETS_REPRESSED_BY_GLUCOCORTICOIDS","DEBOSSCHER_NFKB_TARGETS_REPRESSED_BY_GLUCOCORTICOIDS","DEBOSSCHER_NFKB_TARGETS_REPRESSED_BY_GLUCOCORTICOIDS",16,0.741624854661321,1.89702792641333,0.000513282096768566,0.0180922433161513,0.015446881305555,205,"tags=50%, list=13%, signal=44%","CCL11/EDN1/IL18/TNF/IL5/VCAM1/KITLG/IL13"
"DEMAGALHAES_AGING_UP","DEMAGALHAES_AGING_UP","DEMAGALHAES_AGING_UP",18,0.705562587778702,1.87124099496845,0.000503370608883576,0.0180922433161513,0.015446881305555,33,"tags=28%, list=2%, signal=28%","C3/IL33/CLU/FCGR2B/VWF"
"REACTOME_ECM_PROTEOGLYCANS","REACTOME_ECM_PROTEOGLYCANS","REACTOME_ECM_PROTEOGLYCANS",31,0.616421709595307,1.8672031050162,0.000520914308962223,0.0180922433161513,0.015446881305555,188,"tags=55%, list=12%, signal=49%","COL1A2/FN1/COL1A1/COL3A1/COL5A2/TNXB/TGFB3/TGFB2/LAMA2/HSPG2/ITGA2/COL9A2/COL4A1/COL5A1/COL4A2/SERPINE1/NCAM1"
"GERHOLD_ADIPOGENESIS_DN","GERHOLD_ADIPOGENESIS_DN","GERHOLD_ADIPOGENESIS_DN",24,0.6513903835315,1.8789502858915,0.00053379373723491,0.0181289009331016,0.0154781790196129,123,"tags=33%, list=8%, signal=31%","FN1/THBS2/FGF7/CD44/CCL2/UCP2/THBD/MMP14"
"VECCHI_GASTRIC_CANCER_ADVANCED_VS_EARLY_UP","VECCHI_GASTRIC_CANCER_ADVANCED_VS_EARLY_UP","VECCHI_GASTRIC_CANCER_ADVANCED_VS_EARLY_UP",38,0.584690341134831,1.86191279492131,0.000534700729768446,0.0181289009331016,0.0154781790196129,159,"tags=53%, list=10%, signal=48%","COL1A2/FN1/THBS2/SFRP4/CD163/FBN1/APOC1/CPE/ANGPT2/IGFBP3/COL5A2/MSR1/PLA2G7/LAMA2/PLAU/COL11A1/HLA-DQB1/TLR2/EDNRA/COL4A1"
"REACTOME_SENESCENCE_ASSOCIATED_SECRETORY_PHENOTYPE_SASP","REACTOME_SENESCENCE_ASSOCIATED_SECRETORY_PHENOTYPE_SASP","REACTOME_SENESCENCE_ASSOCIATED_SECRETORY_PHENOTYPE_SASP",17,-0.752524619511365,-1.91179750047101,0.000545702562676109,0.0182842458647242,0.0156108101520968,63,"tags=18%, list=4%, signal=17%","CDKN1B/JUN/FOS"
"RAMALHO_STEMNESS_DN","RAMALHO_STEMNESS_DN","RAMALHO_STEMNESS_DN",12,0.77953900110182,1.85215519315714,0.000639983402239975,0.0211938689485983,0.0180950019482784,258,"tags=67%, list=17%, signal=56%","CSF1R/ITGB2/ZAP70/NCAM1/PTPRC/COL11A2/HSD11B1/PRKCB"
"PID_ERBB1_DOWNSTREAM_PATHWAY","PID_ERBB1_DOWNSTREAM_PATHWAY","PID_ERBB1_DOWNSTREAM_PATHWAY",34,-0.65362050566083,-1.92409739237549,0.000662588464627037,0.0216902522673311,0.0185188064523709,43,"tags=9%, list=3%, signal=9%","JUN/EGF/FOS"
"ROZANOV_MMP14_TARGETS_UP","ROZANOV_MMP14_TARGETS_UP","ROZANOV_MMP14_TARGETS_UP",45,0.546368943214072,1.79263825394578,0.000699098909877865,0.0226253829015018,0.0193172067203094,217,"tags=40%, list=14%, signal=35%","FN1/CPE/JAG1/ENPP1/TPM1/MMP14/TLR2/PTGS1/PXDN/COL4A1/TNFRSF11B/COL5A1/SERPINH1/COL4A2/NCAM1/HIF1A/IL2RB/ENO2"
"CUI_TCF21_TARGETS_DN","CUI_TCF21_TARGETS_DN","CUI_TCF21_TARGETS_DN",10,-0.849570290759536,-1.92865122319149,0.000711825399365777,0.0227784127797049,0.019447861295505,131,"tags=70%, list=9%, signal=64%","COL4A3/NPHS2/GALC/ADM/MAPT/UMOD/EGF"
"CHANG_IMMORTALIZED_BY_HPV31_DN","CHANG_IMMORTALIZED_BY_HPV31_DN","CHANG_IMMORTALIZED_BY_HPV31_DN",12,-0.815488717051031,-1.89301332903971,0.000779617294320026,0.0241342397198199,0.0206054456507925,25,"tags=25%, list=2%, signal=25%","HBB/PTGS2/FOS"
"WP_COMPLEMENT_SYSTEM_IN_NEURONAL_DEVELOPMENT_AND_PLASTICITY","WP_COMPLEMENT_SYSTEM_IN_NEURONAL_DEVELOPMENT_AND_PLASTICITY","WP_COMPLEMENT_SYSTEM_IN_NEURONAL_DEVELOPMENT_AND_PLASTICITY",34,0.595545214380548,1.85948279172469,0.000777107795661061,0.0241342397198199,0.0206054456507925,234,"tags=44%, list=15%, signal=38%","C3/CLU/CFB/TGFB3/TGFB2/C2/CASP3/ITGB2/ITGAM/CX3CR1/CASP8/FAS/PROS1/FASLG/CFH"
"KANG_AR_TARGETS_UP","KANG_AR_TARGETS_UP","KANG_AR_TARGETS_UP",12,0.774495816662869,1.84017277760712,0.000768837348349334,0.0241342397198199,0.0206054456507925,292,"tags=75%, list=19%, signal=61%","MMP2/TGFB3/TGFB2/COL4A1/COL5A1/COL4A2/AHSG/PHEX/COL2A1"
"BIOCARTA_EGF_PATHWAY","BIOCARTA_EGF_PATHWAY","BIOCARTA_EGF_PATHWAY",20,-0.735068155665938,-1.93780587344194,0.00081455053902078,0.0245255555702179,0.0209395451534607,43,"tags=15%, list=3%, signal=15%","JUN/EGF/FOS"
"REACTOME_ESTROGEN_DEPENDENT_GENE_EXPRESSION","REACTOME_ESTROGEN_DEPENDENT_GENE_EXPRESSION","REACTOME_ESTROGEN_DEPENDENT_GENE_EXPRESSION",17,-0.741996065312084,-1.88504958674184,0.000806888202525853,0.0245255555702179,0.0209395451534607,43,"tags=18%, list=3%, signal=17%","ERBB4/JUN/FOS"
"PUJANA_BRCA2_PCC_NETWORK","PUJANA_BRCA2_PCC_NETWORK","PUJANA_BRCA2_PCC_NETWORK",52,0.515218217569443,1.77205307800516,0.000818092619090836,0.0245255555702179,0.0209395451534607,516,"tags=62%, list=34%, signal=42%","GFRA1/EZH2/MKI67/SH2D1A/CDKN3/LBR/PRKCQ/ZAP70/ITGA4/CHEK2/PTPN22/FANCI/BRCA2/FOXM1/BLM/FANCA/LMNB1/ADA/POLE/FANCG/RAG2/STAT5A/WRN/DNMT1/IL10/TCF3/SMARCA4/BAX/MUTYH/RB1/PEX1/MDM2"
"WP_ESTROGEN_SIGNALING_PATHWAY","WP_ESTROGEN_SIGNALING_PATHWAY","WP_ESTROGEN_SIGNALING_PATHWAY",17,-0.739915077886677,-1.8797628141164,0.000853528633841496,0.0253213494706311,0.0216189818440116,43,"tags=12%, list=3%, signal=12%","JUN/FOS"
"WP_HOSTPATHOGEN_INTERACTION_OF_HUMAN_CORONAVIRUSES_MAPK_SIGNALING","WP_HOSTPATHOGEN_INTERACTION_OF_HUMAN_CORONAVIRUSES_MAPK_SIGNALING","WP_HOSTPATHOGEN_INTERACTION_OF_HUMAN_CORONAVIRUSES_MAPK_SIGNALING",12,-0.811821152860842,-1.88449972517007,0.000905516717428933,0.0265605218571434,0.0226769683212601,43,"tags=25%, list=3%, signal=24%","DDIT3/JUN/FOS"
"YEGNASUBRAMANIAN_PROSTATE_CANCER","YEGNASUBRAMANIAN_PROSTATE_CANCER","YEGNASUBRAMANIAN_PROSTATE_CANCER",12,-0.81136630127415,-1.88344386737788,0.000924885876285277,0.0265605218571434,0.0226769683212601,42,"tags=42%, list=3%, signal=41%","SERPINA1/ERBB3/DDC/SORD/ALB"
"SASAI_RESISTANCE_TO_NEOPLASTIC_TRANSFROMATION","SASAI_RESISTANCE_TO_NEOPLASTIC_TRANSFROMATION","SASAI_RESISTANCE_TO_NEOPLASTIC_TRANSFROMATION",16,0.726320690826564,1.85788087517514,0.000941928619231561,0.0265605218571434,0.0226769683212601,56,"tags=38%, list=4%, signal=37%","FBLN5/FBN1/EDN1/COL1A1/COL5A2/TGFB3"
"ZHONG_SECRETOME_OF_LUNG_CANCER_AND_MACROPHAGE","ZHONG_SECRETOME_OF_LUNG_CANCER_AND_MACROPHAGE","ZHONG_SECRETOME_OF_LUNG_CANCER_AND_MACROPHAGE",18,0.69107774495728,1.83282536443105,0.000940088914897125,0.0265605218571434,0.0226769683212601,151,"tags=33%, list=10%, signal=30%","FN1/CLU/CP/CFB/C2/VCAM1"
"HSIAO_LIVER_SPECIFIC_GENES","HSIAO_LIVER_SPECIFIC_GENES","HSIAO_LIVER_SPECIFIC_GENES",87,-0.489400114941258,-1.73534588526028,0.000928106910248728,0.0265605218571434,0.0226769683212601,119,"tags=29%, list=8%, signal=28%","AGTR1/RBP4/F11/PCBD1/AGT/RARRES2/ALDH2/GHR/FAH/APOE/PCK2/ABCC2/GATM/F5/ALDOB/MTTP/NAMPT/KNG1/SORD/FABP1/SLC2A2/PLG/PCK1/APOH/ALB"
"BROWNE_HCMV_INFECTION_30MIN_UP","BROWNE_HCMV_INFECTION_30MIN_UP","BROWNE_HCMV_INFECTION_30MIN_UP",16,-0.75893933753461,-1.89947243061251,0.000961624641642699,0.0267528475028771,0.0228411730232282,87,"tags=38%, list=6%, signal=36%","SOCS3/GPX3/ASPA/APOM/ALB/FOS"
"DESERT_STEM_CELL_HEPATOCELLULAR_CARCINOMA_SUBCLASS_UP","DESERT_STEM_CELL_HEPATOCELLULAR_CARCINOMA_SUBCLASS_UP","DESERT_STEM_CELL_HEPATOCELLULAR_CARCINOMA_SUBCLASS_UP",35,0.57692583108014,1.80880581754085,0.000967536268538043,0.0267528475028771,0.0228411730232282,315,"tags=46%, list=21%, signal=37%","COL1A2/HGF/COL1A1/COL5A2/SOX9/PDGFRA/LBR/COL4A1/BICC1/SERPINH1/UCHL1/HIF1A/LGALS3/BLM/SPP1/HMGA2"
"BIOCARTA_IL3_PATHWAY","BIOCARTA_IL3_PATHWAY","BIOCARTA_IL3_PATHWAY",11,-0.816120781076252,-1.87049248769157,0.00101104432344018,0.0276870599342081,0.0236387893435913,2,"tags=18%, list=0%, signal=18%","HRAS/FOS"
"MCCLUNG_COCAIN_REWARD_4WK","MCCLUNG_COCAIN_REWARD_4WK","MCCLUNG_COCAIN_REWARD_4WK",19,-0.713219307877152,-1.85410688813315,0.00103235783210326,0.0277373123191517,0.0236816940631433,4,"tags=21%, list=0%, signal=21%","SERPINA1/KIF1B/APOH/FOS"
"MIKKELSEN_MEF_LCP_WITH_H3K4ME3","MIKKELSEN_MEF_LCP_WITH_H3K4ME3","MIKKELSEN_MEF_LCP_WITH_H3K4ME3",13,0.761064752423414,1.85311887657288,0.00102942913265818,0.0277373123191517,0.0236816940631433,58,"tags=38%, list=4%, signal=37%","SERPINF1/HGF/COL3A1/CP/CCL2"
"INGRAM_SHH_TARGETS_DN","INGRAM_SHH_TARGETS_DN","INGRAM_SHH_TARGETS_DN",17,0.694419656721452,1.81063223883898,0.00106335367451221,0.0283030959346801,0.0241647514817826,64,"tags=35%, list=4%, signal=34%","C3/TGFBI/HGF/CLU/COL1A1/AOC3"
"AFFAR_YY1_TARGETS_DN","AFFAR_YY1_TARGETS_DN","AFFAR_YY1_TARGETS_DN",47,0.524527296223534,1.73745026058817,0.001074387331311,0.0283319918479049,0.0241894223716219,324,"tags=51%, list=21%, signal=42%","THBS2/TGFBI/GFRA1/APOC1/FCGR2B/FGF7/CCL2/MKI67/TAC1/DKK3/GREM1/PDGFRA/PTGS1/ITGA4/BIRC5/EDNRA/TNFRSF1B/FOXM1/SCARB1/TGFBR1/SPP1/SFTPC/LDLR/LMNB1"
"WP_THYROID_STIMULATING_HORMONE_TSH_SIGNALING_PATHWAY","WP_THYROID_STIMULATING_HORMONE_TSH_SIGNALING_PATHWAY","WP_THYROID_STIMULATING_HORMONE_TSH_SIGNALING_PATHWAY",29,-0.635274242760492,-1.8206851953273,0.00110991369989889,0.029000313920294,0.0247600255602746,63,"tags=10%, list=4%, signal=10%","CDKN1B/JUN/FOS"
"WP_MAPK_PATHWAY_IN_CONGENITAL_THYROID_CANCER","WP_MAPK_PATHWAY_IN_CONGENITAL_THYROID_CANCER","WP_MAPK_PATHWAY_IN_CONGENITAL_THYROID_CANCER",11,-0.81408214534833,-1.86582007534448,0.00112883238762586,0.0292264967268951,0.0249531369896243,43,"tags=18%, list=3%, signal=18%","JUN/FOS"
"WP_PHOTODYNAMIC_THERAPYINDUCED_NFE2L2_NRF2_SURVIVAL_SIGNALING","WP_PHOTODYNAMIC_THERAPYINDUCED_NFE2L2_NRF2_SURVIVAL_SIGNALING","WP_PHOTODYNAMIC_THERAPYINDUCED_NFE2L2_NRF2_SURVIVAL_SIGNALING",14,-0.771154590849216,-1.84677131615662,0.00114842196847319,0.0294658177136183,0.0251574655967099,77,"tags=43%, list=5%, signal=41%","EPHX1/ABCC6/NQO1/ABCC2/JUN/FOS"
"BIOCARTA_EPO_PATHWAY","BIOCARTA_EPO_PATHWAY","BIOCARTA_EPO_PATHWAY",14,-0.770211590685657,-1.84451300676722,0.0011870234937866,0.0296547623710899,0.0253187836624843,43,"tags=21%, list=3%, signal=21%","HRAS/JUN/FOS"
"PICCALUGA_ANGIOIMMUNOBLASTIC_LYMPHOMA_UP","PICCALUGA_ANGIOIMMUNOBLASTIC_LYMPHOMA_UP","PICCALUGA_ANGIOIMMUNOBLASTIC_LYMPHOMA_UP",56,0.500078268117782,1.7337434861981,0.00118463983150849,0.0296547623710899,0.0253187836624843,195,"tags=41%, list=13%, signal=37%","C3/COL1A2/FN1/IL33/CLU/FBN1/APOC1/COL1A1/VWF/COL3A1/CP/CFB/CCL2/IL18/ACTA2/PDGFRA/HSPG2/TPM1/VCAM1/COL4A1/SERPINH1/COL4A2/PMP22"
"REACTOME_SIGNALING_BY_INTERLEUKINS","REACTOME_SIGNALING_BY_INTERLEUKINS","REACTOME_SIGNALING_BY_INTERLEUKINS",173,0.360681419649793,1.49595599268593,0.00117160719366393,0.0296547623710899,0.0253187836624843,275,"tags=27%, list=18%, signal=25%","COL1A2/FN1/MMP2/IL7R/IL33/HGF/CCL11/CCR2/IL10RA/CSF1R/CD36/CCL2/IL18/CCR5/CD86/SYK/MUC1/CASP3/MMP3/IL7/S100B/TNF/ITGB2/IL5/CASP1/ITGAM/BIRC5/TP53/VCAM1/MEF2C/HIF1A/IL2RB/CD80/IL2RA/ALOX5/IL13/STAT4/FASLG/MMP1/CCR1/TNFRSF1B/AGER/FGF2/CSF1/CXCL10/LIF/IKBKB"
"BROWNE_HCMV_INFECTION_8HR_UP","BROWNE_HCMV_INFECTION_8HR_UP","BROWNE_HCMV_INFECTION_8HR_UP",21,-0.711097934632874,-1.88901437113966,0.00125526046113082,0.03055539994274,0.0260877342799118,108,"tags=29%, list=7%, signal=27%","GK/GPX3/APOE/IGFBP2/WT1-AS/FOS"
"PID_SYNDECAN_1_PATHWAY","PID_SYNDECAN_1_PATHWAY","PID_SYNDECAN_1_PATHWAY",25,0.639081909720414,1.85875159472144,0.00124692598391475,0.03055539994274,0.0260877342799118,229,"tags=52%, list=15%, signal=45%","COL1A2/MMP7/HGF/COL1A1/COL3A1/COL5A2/COL11A1/MET/COL9A2/COL4A1/COL5A1/COL11A2/MMP1"
"BASAKI_YBX1_TARGETS_UP","BASAKI_YBX1_TARGETS_UP","BASAKI_YBX1_TARGETS_UP",28,0.611832042638886,1.80462498212907,0.00124678021633686,0.03055539994274,0.0260877342799118,263,"tags=50%, list=17%, signal=42%","FBN1/LAMC2/MKI67/L1CAM/ADRB2/FLNB/DKK3/CDKN3/CAV1/BIRC5/GLI2/FANCI/FGF2/RAD51"
"BROWNE_HCMV_INFECTION_14HR_UP","BROWNE_HCMV_INFECTION_14HR_UP","BROWNE_HCMV_INFECTION_14HR_UP",16,-0.751040574702165,-1.87970341681371,0.00133506101289704,0.031951712308662,0.0272798844740572,119,"tags=31%, list=8%, signal=29%","AGTR1/APOE/KNG1/PTGDS/FOS"
"REACTOME_CYTOKINE_SIGNALING_IN_IMMUNE_SYSTEM","REACTOME_CYTOKINE_SIGNALING_IN_IMMUNE_SYSTEM","REACTOME_CYTOKINE_SIGNALING_IN_IMMUNE_SYSTEM",223,0.349344441826727,1.49106274724543,0.00132596563203121,0.031951712308662,0.0272798844740572,275,"tags=26%, list=18%, signal=25%","COL1A2/FN1/MMP2/IL7R/IL33/HGF/CCL11/CCR2/CD27/IL10RA/CD44/CSF1R/CD36/CCL2/IL18/FLT3/CCR5/CD86/CD40LG/SYK/FLNB/MUC1/CASP3/MMP3/HLA-DQB1/IL7/S100B/CIITA/TNF/ITGB2/IL5/CASP1/ITGAM/BIRC5/TP53/VCAM1/TNFRSF11B/MEF2C/NCAM1/HIF1A/IL2RB/CD80/IL2RA/ALOX5/NUP160/IL13/STAT4/FASLG/MMP1/CCR1/TNFRSF1B/AGER/FGF2/CSF1/CXCL10/LIF/IKBKB"
"SNIJDERS_AMPLIFIED_IN_HEAD_AND_NECK_TUMORS","SNIJDERS_AMPLIFIED_IN_HEAD_AND_NECK_TUMORS","SNIJDERS_AMPLIFIED_IN_HEAD_AND_NECK_TUMORS",14,0.731657984477651,1.8183741169718,0.00140042895605151,0.0332368472236225,0.0283771130568333,60,"tags=29%, list=4%, signal=28%","MMP7/IL7R/CD44/JAG1"
"NAKAMURA_TUMOR_ZONE_PERIPHERAL_VS_CENTRAL_UP","NAKAMURA_TUMOR_ZONE_PERIPHERAL_VS_CENTRAL_UP","NAKAMURA_TUMOR_ZONE_PERIPHERAL_VS_CENTRAL_UP",34,0.581312860203145,1.81504482624437,0.00143250472498283,0.0337171360062076,0.0287871762915211,188,"tags=41%, list=12%, signal=37%","COL1A2/FN1/TGFBI/MMP2/IL7R/LAMC2/COL3A1/KRT7/DKK3/TPM1/CAV1/BIRC5/COL4A1/NCAM1"
"PID_HNF3A_PATHWAY","PID_HNF3A_PATHWAY","PID_HNF3A_PATHWAY",20,-0.718098821381651,-1.89307087112818,0.0014500455991663,0.0338502448067673,0.0289008225545656,63,"tags=15%, list=4%, signal=15%","CDKN1B/JUN/FOS"
"MCCLUNG_CREB1_TARGETS_UP","MCCLUNG_CREB1_TARGETS_UP","MCCLUNG_CREB1_TARGETS_UP",14,-0.762392984662535,-1.8257889046129,0.00155373907334557,0.0358878624495351,0.0306405094095306,16,"tags=21%, list=1%, signal=21%","PTGDS/SST/FOS"
"LINDVALL_IMMORTALIZED_BY_TERT_DN","LINDVALL_IMMORTALIZED_BY_TERT_DN","LINDVALL_IMMORTALIZED_BY_TERT_DN",12,0.754973728410442,1.79378903402675,0.00156253333698819,0.0358878624495351,0.0306405094095306,106,"tags=58%, list=7%, signal=55%","FN1/MMP7/CTSK/CFB/SLIT3/HSPG2/ELN"
"KYNG_ENVIRONMENTAL_STRESS_RESPONSE_UP","KYNG_ENVIRONMENTAL_STRESS_RESPONSE_UP","KYNG_ENVIRONMENTAL_STRESS_RESPONSE_UP",10,0.780591785968755,1.76852915605093,0.00163159489613929,0.0371742581136375,0.0317388144006885,41,"tags=40%, list=3%, signal=39%","FN1/HGF/COL3A1/IGFBP3"
"WP_SEROTONIN_HTR1_GROUP_AND_FOS_PATHWAY","WP_SEROTONIN_HTR1_GROUP_AND_FOS_PATHWAY","WP_SEROTONIN_HTR1_GROUP_AND_FOS_PATHWAY",11,-0.80604532734012,-1.84740024330752,0.00167851309541789,0.037346916373048,0.0318862273882839,2,"tags=18%, list=0%, signal=18%","PIK3CA/FOS"
"LEE_NEURAL_CREST_STEM_CELL_DN","LEE_NEURAL_CREST_STEM_CELL_DN","LEE_NEURAL_CREST_STEM_CELL_DN",27,-0.654405778968394,-1.83749015738166,0.00167617212513278,0.037346916373048,0.0318862273882839,89,"tags=30%, list=6%, signal=28%","COL4A5/HTRA1/GATM/BMP7/CA2/F3/GDF15/FOS"
"RICKMAN_TUMOR_DIFFERENTIATED_MODERATELY_VS_POORLY_UP","RICKMAN_TUMOR_DIFFERENTIATED_MODERATELY_VS_POORLY_UP","RICKMAN_TUMOR_DIFFERENTIATED_MODERATELY_VS_POORLY_UP",14,0.727080876076912,1.8069987262523,0.00166137535894797,0.037346916373048,0.0318862273882839,129,"tags=36%, list=8%, signal=33%","FBN1/CTSK/COL3A1/COL5A2/TLR2"
"DAZARD_RESPONSE_TO_UV_SCC_UP","DAZARD_RESPONSE_TO_UV_SCC_UP","DAZARD_RESPONSE_TO_UV_SCC_UP",20,-0.713311634510253,-1.88045076404674,0.00174940605395849,0.0380392801444131,0.0324773570127123,210,"tags=30%, list=14%, signal=26%","SDHD/HPRT1/IL1B/CDKN1C/PTGS2/FOS"
"PID_RHOA_PATHWAY","PID_RHOA_PATHWAY","PID_RHOA_PATHWAY",13,-0.782999665003305,-1.85591200245202,0.00172495883979361,0.0380392801444131,0.0324773570127123,63,"tags=31%, list=4%, signal=30%","SLC9A3/CDKN1B/JUN/FOS"
"GOLDRATH_ANTIGEN_RESPONSE","GOLDRATH_ANTIGEN_RESPONSE","GOLDRATH_ANTIGEN_RESPONSE",47,0.512296179285166,1.69693576789189,0.00174970003473249,0.0380392801444131,0.0324773570127123,333,"tags=53%, list=22%, signal=43%","C3/SERPINA3/CCR2/CD44/EZH2/MKI67/CCR5/CASP3/CXCR3/CDKN3/CASP1/ITGA4/BIRC5/IL2RA/PDCD1/NCF4/FASLG/LGALS3/RUNX2/CTLA4/RAD51/IRF4/LMNB1/IFNG/CCL5"
"GOBERT_OLIGODENDROCYTE_DIFFERENTIATION_UP","GOBERT_OLIGODENDROCYTE_DIFFERENTIATION_UP","GOBERT_OLIGODENDROCYTE_DIFFERENTIATION_UP",46,0.525922203827778,1.74207621424855,0.00179942386504051,0.0385320238168074,0.032898054042292,349,"tags=50%, list=23%, signal=40%","FN1/EZH2/MKI67/CASP3/CDKN3/TPM1/BIRC5/CHEK2/MEF2C/KITLG/ABCB1/FBN2/FANCI/BRCA2/RAD51/FOXM1/BLM/TRPS1/FANCA/LDLR/LMNB1/CDKN2A/POLE"
"LI_AMPLIFIED_IN_LUNG_CANCER","LI_AMPLIFIED_IN_LUNG_CANCER","LI_AMPLIFIED_IN_LUNG_CANCER",47,0.511945922820145,1.69577557434084,0.00179062822930255,0.0385320238168074,0.032898054042292,93,"tags=23%, list=6%, signal=23%","COL1A2/THBS2/LTF/COL1A1/IGFBP3/KRT7/FGB/MUC1/PLAU/DSP/COL11A1"
"KEGG_PPAR_SIGNALING_PATHWAY","KEGG_PPAR_SIGNALING_PATHWAY","KEGG_PPAR_SIGNALING_PATHWAY",28,-0.629946937609892,-1.79411347139135,0.00181394225647672,0.0385530413913859,0.0329159985267968,146,"tags=36%, list=10%, signal=33%","APOC3/CPT2/GK/ANGPTL4/PCK2/EHHADH/PLTP/FABP1/PCK1/LPL"
"SWEET_KRAS_TARGETS_UP","SWEET_KRAS_TARGETS_UP","SWEET_KRAS_TARGETS_UP",26,0.610998951383592,1.80360472979481,0.00186074227672439,0.0392547704008227,0.033515124048603,210,"tags=50%, list=14%, signal=44%","TGFBI/COL1A1/IGFBP3/CCL2/TGFB2/DKK3/HSPG2/TPM1/COL4A1/COL5A1/COL4A2/SERPINE1/DICER1"
"WP_FAMILIAL_HYPERLIPIDEMIA_TYPE_2","WP_FAMILIAL_HYPERLIPIDEMIA_TYPE_2","WP_FAMILIAL_HYPERLIPIDEMIA_TYPE_2",11,-0.801118374746184,-1.83610800810427,0.00207153052661355,0.0430636418963167,0.0367670804185732,82,"tags=45%, list=5%, signal=43%","GHR/PLTP/EPHX2/CETP/LPL"
"KEGG_CYTOKINE_CYTOKINE_RECEPTOR_INTERACTION","KEGG_CYTOKINE_CYTOKINE_RECEPTOR_INTERACTION","KEGG_CYTOKINE_CYTOKINE_RECEPTOR_INTERACTION",105,0.415347515349857,1.60119292825408,0.00206708583962236,0.0430636418963167,0.0367670804185732,383,"tags=46%, list=25%, signal=37%","IL7R/HGF/CCL11/CCR2/CD27/IL10RA/CSF1R/TGFB3/CCL2/IL18/TGFB2/FLT3/CCR5/CD40LG/PDGFRA/CXCR3/VEGFC/IL7/MET/TNF/IL5/PDGFB/CX3CR1/TNFRSF11B/KITLG/IL2RB/IL2RA/IL13/FAS/FASLG/CCR1/TNFRSF1B/CSF1/CXCL10/LIF/TGFBR1/CCR6/IFNG/CCL5/IFNGR2/TGFB1/TNFRSF11A/IL21/CD40/NGFR/IL21R/IL12RB1/TPO"
"SERVITJA_LIVER_HNF1A_TARGETS_DN","SERVITJA_LIVER_HNF1A_TARGETS_DN","SERVITJA_LIVER_HNF1A_TARGETS_DN",33,-0.621678045971847,-1.8135028666298,0.00223858363887099,0.0461991753877144,0.0394441510739282,169,"tags=30%, list=11%, signal=28%","CXCL9/SLC37A4/F11/NOX4/DDC/APOM/IGF1/FABP1/PTGDS/PLG"
"REACTOME_ADAPTIVE_IMMUNE_SYSTEM","REACTOME_ADAPTIVE_IMMUNE_SYSTEM","REACTOME_ADAPTIVE_IMMUNE_SYSTEM",127,0.40585290485474,1.60310444967198,0.0023263809439314,0.0476657045202635,0.0406962512721055,293,"tags=32%, list=19%, signal=28%","C3/COL1A2/FCGR2B/COL1A1/CTSK/COL3A1/CD36/FGB/CD86/CD40LG/SYK/ITPR3/CYBB/SH2D1A/CD28/HLA-DQB1/BTK/TLR1/PRKCQ/ITGB2/TLR2/ZAP70/ITGA4/ICOS/VCAM1/TREM2/CD79A/PTPN22/CD80/PTPRC/PDCD1/NCF4/PTEN/ITPR1/CTLA4/PRKCB/CD19/IKBKB/CD14/COL2A1/DYNC1H1"
"BIOCARTA_GLEEVEC_PATHWAY","BIOCARTA_GLEEVEC_PATHWAY","BIOCARTA_GLEEVEC_PATHWAY",17,-0.712275278941056,-1.80954358517998,0.00239282922050928,0.0486769830000746,0.0415596654088454,43,"tags=24%, list=3%, signal=23%","PIK3CA/HRAS/JUN/FOS"
"KAYO_CALORIE_RESTRICTION_MUSCLE_UP","KAYO_CALORIE_RESTRICTION_MUSCLE_UP","KAYO_CALORIE_RESTRICTION_MUSCLE_UP",26,0.60346414041999,1.78136275922958,0.00243882095543566,0.0492607239792962,0.0420580545506262,90,"tags=31%, list=6%, signal=29%","COL1A2/FN1/COL1A1/COL3A1/LAMA2/CCR5/PLAU/HSPG2"
"GOZGIT_ESR1_TARGETS_DN","GOZGIT_ESR1_TARGETS_DN","GOZGIT_ESR1_TARGETS_DN",102,0.410695767865592,1.57241793609072,0.00247024976256878,0.0495441642520837,0.0423000515310147,255,"tags=29%, list=17%, signal=26%","SERPINA3/TGFBI/CLU/GFRA1/EDN1/CPE/COL3A1/CP/CD44/CFB/HDAC9/SOX9/JAG1/TGFB2/ENPP1/VEGFC/HLA-DQB1/UCP2/THBD/MITF/PXDN/TNFRSF11B/KITLG/MEG3/CDKN2B/AHR/GRIN2A/RUNX2/TCF4/RET"
"HORIUCHI_WTAP_TARGETS_UP","HORIUCHI_WTAP_TARGETS_UP","HORIUCHI_WTAP_TARGETS_UP",52,0.491475405235023,1.69039151744119,0.00250362435553255,0.0498623927591378,0.0425717501750475,261,"tags=38%, list=17%, signal=33%","IL7R/FBN1/CFB/EDNRB/CCL2/JAG1/ACTA2/DKK3/SELE/PTGS1/CASP1/ITGA4/VCAM1/COL4A1/ABCA1/COL5A1/PMP22/CFH/ITPR1/CSF1"
